{
 "player1": {
  "x": 209.16666666666566,
  "y": 410.00000000000045,
  "status": "idleLeft"
 },
 "player2": {
  "x": 600,
  "y": 350,
  "status": "attackRight"
 }
}