{
 "0": {
  "skeleton": 0,
  "x": 777.618731533045,
  "y": 187.66272562365486
 },
 "1": {
  "skeleton": 1,
  "x": 74.286399338708,
  "y": 279.83045095506435
 },
 "2": {
  "skeleton": 2,
  "x": 433.90635574002465,
  "y": 394.6886638881691
 },
 "3": {
  "skeleton": 3,
  "x": 601.6211753510305,
  "y": 418.8241573150965
 },
 "4": {
  "skeleton": 4,
  "x": 619.0176399294284,
  "y": 399.26986642440033
 },
 "5": {
  "skeleton": 5,
  "x": 405.20668667248776,
  "y": 405.773972231385
 },
 "6": {
  "skeleton": 6,
  "x": 415.09201206992077,
  "y": 414.40095366627315
 },
 "7": {
  "skeleton": 7,
  "x": 535.9174479552664,
  "y": 411.176805155359
 },
 "8": {
  "skeleton": 8,
  "x": 786.5083955107472,
  "y": 211.88363523109214
 },
 "9": {
  "skeleton": 9,
  "x": 383.18108852085174,
  "y": 416.714015763939
 },
 "undefined": {
  "x": 388.4405164366622,
  "y": 401.29952529105145
 }
}