{
 "0": {
  "skeleton": 0,
  "x": 793.4679421597357,
  "y": 233.93816283319222
 },
 "1": {
  "skeleton": 1,
  "x": 178.11895369427992,
  "y": 416.1516741357574
 },
 "2": {
  "skeleton": 2,
  "x": 793.9940962686574,
  "y": 324.30359949966595
 },
 "3": {
  "skeleton": 3,
  "x": 120.02038493043614,
  "y": 397.55268921539397
 },
 "4": {
  "skeleton": 4,
  "x": 786.8859953862136,
  "y": 286.4398127132406
 },
 "5": {
  "skeleton": 5,
  "x": 118.11912795626037,
  "y": 409.75103892702265
 },
 "6": {
  "skeleton": 6,
  "x": 271.311990259924,
  "y": 409.7893470326509
 },
 "7": {
  "skeleton": 7,
  "x": 552.9787938124853,
  "y": 393.2747385259305
 },
 "8": {
  "skeleton": 8,
  "x": 81.26819964984085,
  "y": 333.7883013282185
 },
 "9": {
  "skeleton": 9,
  "x": 124.45434867440677,
  "y": 397.5892724122872
 }
}