{
 "0": {
  "skeleton": 0,
  "x": 544.5765947983394,
  "y": 162.85681411820497
 },
 "1": {
  "skeleton": 1,
  "x": 711.8922587883897,
  "y": 415.6439785995885
 },
 "2": {
  "skeleton": 2,
  "x": 72.25370707308466,
  "y": 296.37991645462273
 },
 "3": {
  "skeleton": 3,
  "x": 56.9213382754863,
  "y": 379.3835415320074
 },
 "4": {
  "skeleton": 4,
  "x": 796.121463646355,
  "y": 87.27584320355206
 },
 "5": {
  "skeleton": 5,
  "x": 157.63244981446007,
  "y": 115.24928684468496
 },
 "6": {
  "skeleton": 6,
  "x": 69.33503233492019,
  "y": 225.4826727464141
 },
 "7": {
  "skeleton": 7,
  "x": 494.43749487753723,
  "y": 71.70808237356313
 },
 "8": {
  "skeleton": 8,
  "x": 430.04017221470366,
  "y": 138.51623739627985
 },
 "9": {
  "skeleton": 9,
  "x": 407.3047536101259,
  "y": 110.55723089398205
 },
 "undefined": {
  "x": 470.52359177128204,
  "y": 88.32082856317703
 }
}