{
 "0": {
  "skeleton": 0,
  "x": 478.942524517289,
  "y": 411.26528096994247
 },
 "1": {
  "skeleton": 1,
  "x": 792.980674715477,
  "y": 348.2984068590912
 },
 "2": {
  "skeleton": 2,
  "x": 721.1060096721064,
  "y": 400.3479096078353
 },
 "3": {
  "skeleton": 3,
  "x": 797.9999110671324,
  "y": 176.94214513557574
 },
 "4": {
  "skeleton": 4,
  "x": 391.17810525140095,
  "y": 399.9991347177807
 },
 "5": {
  "skeleton": 5,
  "x": 683.1801560977782,
  "y": 409.16262438876134
 },
 "6": {
  "skeleton": 6,
  "x": 552.3911264892436,
  "y": 415.49338015601325
 },
 "7": {
  "skeleton": 7,
  "x": 211.96724801664848,
  "y": 398.0039786072672
 },
 "8": {
  "skeleton": 8,
  "x": 783.8946946740602,
  "y": 192.27732556743328
 },
 "9": {
  "skeleton": 9,
  "x": 72.80549363037834,
  "y": 170.21217987828615
 }
}