{
 "0": {
  "skeleton": 0,
  "x": 791.2735668877982,
  "y": 382.8089509550074
 },
 "1": {
  "skeleton": 1,
  "x": 751.034656828682,
  "y": 394.1727415565274
 },
 "2": {
  "skeleton": 2,
  "x": 778.4416299640905,
  "y": 252.56496951614474
 },
 "3": {
  "skeleton": 3,
  "x": 780.1532682730035,
  "y": 230.02465761912975
 },
 "4": {
  "skeleton": 4,
  "x": 591.2423567619611,
  "y": 403.52581585187033
 },
 "5": {
  "skeleton": 5,
  "x": 612.6798035890012,
  "y": 417.3525646351104
 },
 "6": {
  "skeleton": 6,
  "x": 206.67940292116904,
  "y": 414.0947475026686
 },
 "7": {
  "skeleton": 7,
  "x": 527.7612899796325,
  "y": 402.0183841750593
 },
 "8": {
  "skeleton": 8,
  "x": 571.3331214939828,
  "y": 394.3594178963707
 },
 "9": {
  "skeleton": 9,
  "x": 782.0040731434657,
  "y": 320.77051867062556
 }
}