{
 "0": {
  "skeleton": 0,
  "x": 778.7079627157128,
  "y": 363.7484497719943
 },
 "1": {
  "skeleton": 1,
  "x": 373.94961668962003,
  "y": 412.07484784482955
 },
 "2": {
  "skeleton": 2,
  "x": 224.82839931465108,
  "y": 417.34745058496117
 },
 "3": {
  "skeleton": 3,
  "x": 62.053139654195576,
  "y": 336.7487792087402
 },
 "4": {
  "skeleton": 4,
  "x": 777.567130496275,
  "y": 281.7872064390176
 },
 "5": {
  "skeleton": 5,
  "x": 663.8495639536426,
  "y": 403.31486217547535
 },
 "6": {
  "skeleton": 6,
  "x": 547.247932498923,
  "y": 415.004136787884
 },
 "7": {
  "skeleton": 7,
  "x": 777.7181849110589,
  "y": 285.0127440552806
 },
 "8": {
  "skeleton": 8,
  "x": 780.7561106786699,
  "y": 230.72519845635387
 },
 "9": {
  "skeleton": 9,
  "x": 777.8341386260369,
  "y": 252.91508075575967
 },
 "undefined": {
  "x": 478.11853421841903,
  "y": 414.00190350345326
 }
}