{
 "0": {
  "skeleton": 0,
  "x": 290.89922394420466,
  "y": 401.20316931766735
 },
 "1": {
  "skeleton": 1,
  "x": 387.0349746039058,
  "y": 404.7898243008452
 },
 "2": {
  "skeleton": 2,
  "x": 698.790355187843,
  "y": 409.8974231211994
 },
 "3": {
  "skeleton": 3,
  "x": 218.4114741568749,
  "y": 399.7568277906108
 },
 "4": {
  "skeleton": 4,
  "x": 793.5187539748223,
  "y": 304.06655508789754
 },
 "5": {
  "skeleton": 5,
  "x": 373.9206539218694,
  "y": 415.25196390957353
 },
 "6": {
  "skeleton": 6,
  "x": 763.6427847276364,
  "y": 400.8002672811821
 },
 "7": {
  "skeleton": 7,
  "x": 83.48624002454542,
  "y": 169.21009146056397
 },
 "8": {
  "skeleton": 8,
  "x": 555.8842196750986,
  "y": 414.50886665193866
 },
 "9": {
  "skeleton": 9,
  "x": 638.436545583279,
  "y": 401.35420564569586
 }
}