{
 "0": {
  "skeleton": 0,
  "x": 793.4705836763637,
  "y": 180.11954228454033
 },
 "1": {
  "skeleton": 1,
  "x": 211.42996847823028,
  "y": 414.20098532192526
 },
 "2": {
  "skeleton": 2,
  "x": 786.4655267267939,
  "y": 174.2959007385441
 },
 "3": {
  "skeleton": 3,
  "x": 753.0620506499447,
  "y": 409.09595043734646
 },
 "4": {
  "skeleton": 4,
  "x": 392.6158696829561,
  "y": 407.3396324646332
 },
 "5": {
  "skeleton": 5,
  "x": 773.7374577059453,
  "y": 291.2745825728831
 },
 "6": {
  "skeleton": 6,
  "x": 712.8677702916997,
  "y": 393.99183289825066
 },
 "7": {
  "skeleton": 7,
  "x": 572.5338782610374,
  "y": 412.7217930945477
 },
 "8": {
  "skeleton": 8,
  "x": 118.28830039514774,
  "y": 413.1715595584533
 },
 "9": {
  "skeleton": 9,
  "x": 665.8188834539654,
  "y": 418.94387061723387
 }
}