{
    "0": {
     "skeleton": 0,
     "x": 774.6969133810694,
     "y": 215.28321470649394
    },
    "1": {
     "skeleton": 1,
     "x": 778.1949892987928,
     "y": 372.48490741263595
    },
    "2": {
     "skeleton": 2,
     "x": 272.31790073840136,
     "y": 403.32361931769344
    },
    "3": {
     "skeleton": 3,
     "x": 798.3268592704487,
     "y": 283.18704630840733
    },
    "4": {
     "skeleton": 4,
     "x": 776.4252355558572,
     "y": 308.7976983267158
    },
    "5": {
     "skeleton": 5,
     "x": 347.52933618128725,
     "y": 393.8870798349714
    },
    "6": {
     "skeleton": 6,
     "x": 343.14630949153053,
     "y": 419.25954833021666
    },
    "7": {
     "skeleton": 7,
     "x": 761.270689659187,
     "y": 416.8333645725415
    },
    "8": {
     "skeleton": 8,
     "x": 554.7784576942807,
     "y": 408.41139870841675
    },
    "9": {
     "skeleton": 9,
     "x": 265.96969977771664,
     "y": 392.9359372500922
    }
   } 