{
 "0": {
  "slime": 0,
  "x": 147.38549589898653,
  "y": 396.69891165222447
 },
 "1": {
  "slime": 1,
  "x": 631.6625294771801,
  "y": 417.71006393377286
 },
 "2": {
  "slime": 2,
  "x": 784.9269031490467,
  "y": 390.149160227363
 },
 "3": {
  "slime": 3,
  "x": 770.9608966278778,
  "y": 414.2531844548771
 },
 "4": {
  "slime": 4,
  "x": 782.6667975431012,
  "y": 333.647670998477
 },
 "5": {
  "slime": 5,
  "x": 778.0320626328618,
  "y": 300.32886510054357
 },
 "6": {
  "slime": 6,
  "x": 64.01414127507293,
  "y": 261.50516157863035
 },
 "7": {
  "slime": 7,
  "x": 268.66793688602735,
  "y": 415.81345620015384
 },
 "8": {
  "slime": 8,
  "x": 782.0225257301505,
  "y": 401.1006007198603
 },
 "9": {
  "slime": 9,
  "x": 63.64053777040446,
  "y": 356.45861860013576
 }
}