{
 "0": {
  "slime": 0,
  "x": 773.8750572647454,
  "y": 199.03983574497602
 },
 "1": {
  "slime": 1,
  "x": 481.75086983409545,
  "y": 405.32244403512914
 },
 "2": {
  "slime": 2,
  "x": 775.3199698749469,
  "y": 303.964904770923
 },
 "3": {
  "slime": 3,
  "x": 81.39266530370419,
  "y": 387.3363980159314
 },
 "4": {
  "slime": 4,
  "x": 489.337716861532,
  "y": 411.89691140065617
 },
 "5": {
  "slime": 5,
  "x": 775.3150662654916,
  "y": 196.56407959665177
 },
 "6": {
  "slime": 6,
  "x": 791.2829905277374,
  "y": 227.6844094750066
 },
 "7": {
  "slime": 7,
  "x": 771.989327751439,
  "y": 228.56410408907317
 },
 "8": {
  "slime": 8,
  "x": 431.35996004229395,
  "y": 407.14906999037476
 },
 "9": {
  "slime": 9,
  "x": 663.3828274819322,
  "y": 409.9614809097074
 }
}